Titre,Prix,Localisation,Type de bien,Date,Lien
Trois locaux commercial,7 800,Korba Hached,Location,19/03/2025,http://www.tunisie-annonce.com/DetailsAnnonceImmobilier.asp?cod_ann=3369192
4600m nu à sidi salah ch,1 749 000,Chotrana 1,Terrain,19/03/2025,http://www.tunisie-annonce.com/DetailsAnnonceImmobilier.asp?cod_ann=3364564
4605m la soukra chotrana,1 749 900,Chotrana 1,Terrain,19/03/2025,http://www.tunisie-annonce.com/DetailsAnnonceImmobilier.asp?cod_ann=3358977
Appartement meublé haut,250,Korba,Location vacance,19/03/2025,http://www.tunisie-annonce.com/DetailsAnnonceImmobilier.asp?cod_ann=3384090
Appart meublé s et 2,140,Korchine,Location vacance,19/03/2025,http://www.tunisie-annonce.com/DetailsAnnonceImmobilier.asp?cod_ann=3292410
Villa meublé avec trois,580 000,Le Bardo,Vente,19/03/2025,http://www.tunisie-annonce.com/DetailsAnnonceImmobilier.asp?cod_ann=3382110
Trois locaux commercial,7 800,Korba Hached,Location,19/03/2025,http://www.tunisie-annonce.com/DetailsAnnonceImmobilier.asp?cod_ann=3369192
4600m nu à sidi salah ch,1 749 000,Chotrana 1,Terrain,19/03/2025,http://www.tunisie-annonce.com/DetailsAnnonceImmobilier.asp?cod_ann=3364564
4605m la soukra chotrana,1 749 900,Chotrana 1,Terrain,19/03/2025,http://www.tunisie-annonce.com/DetailsAnnonceImmobilier.asp?cod_ann=3358977
Appartement meublé haut,250,Korba,Location vacance,19/03/2025,http://www.tunisie-annonce.com/DetailsAnnonceImmobilier.asp?cod_ann=3384090
Villa meublé avec trois,580 000,Le Bardo,Vente,19/03/2025,http://www.tunisie-annonce.com/DetailsAnnonceImmobilier.asp?cod_ann=3382110
Trois locaux commercial,7 800,Korba Hached,Location,19/03/2025,http://www.tunisie-annonce.com/DetailsAnnonceImmobilier.asp?cod_ann=3369192
4600m nu à sidi salah ch,1 749 000,Chotrana 1,Terrain,19/03/2025,http://www.tunisie-annonce.com/DetailsAnnonceImmobilier.asp?cod_ann=3364564
4605m la soukra chotrana,1 749 900,Chotrana 1,Terrain,19/03/2025,http://www.tunisie-annonce.com/DetailsAnnonceImmobilier.asp?cod_ann=3358977
Appartement meublé haut,250,Korba,Location vacance,19/03/2025,http://www.tunisie-annonce.com/DetailsAnnonceImmobilier.asp?cod_ann=3384090
Villa meublé avec trois,580 000,Le Bardo,Vente,19/03/2025,http://www.tunisie-annonce.com/DetailsAnnonceImmobilier.asp?cod_ann=3382110
Trois locaux commercial,7 800,Korba Hached,Location,19/03/2025,http://www.tunisie-annonce.com/DetailsAnnonceImmobilier.asp?cod_ann=3369192
4600m nu à sidi salah ch,1 749 000,Chotrana 1,Terrain,19/03/2025,http://www.tunisie-annonce.com/DetailsAnnonceImmobilier.asp?cod_ann=3364564
4605m la soukra chotrana,1 749 900,Chotrana 1,Terrain,19/03/2025,http://www.tunisie-annonce.com/DetailsAnnonceImmobilier.asp?cod_ann=3358977
Appartement meublé haut,250,Korba,Location vacance,19/03/2025,http://www.tunisie-annonce.com/DetailsAnnonceImmobilier.asp?cod_ann=3384090
Villa meublé avec trois,580 000,Le Bardo,Vente,19/03/2025,http://www.tunisie-annonce.com/DetailsAnnonceImmobilier.asp?cod_ann=3382110
Trois locaux commercial,7 800,Korba Hached,Location,19/03/2025,http://www.tunisie-annonce.com/DetailsAnnonceImmobilier.asp?cod_ann=3369192
4600m nu à sidi salah ch,1 749 000,Chotrana 1,Terrain,19/03/2025,http://www.tunisie-annonce.com/DetailsAnnonceImmobilier.asp?cod_ann=3364564
4605m la soukra chotrana,1 749 900,Chotrana 1,Terrain,19/03/2025,http://www.tunisie-annonce.com/DetailsAnnonceImmobilier.asp?cod_ann=3358977
Appartement meublé haut,250,Korba,Location vacance,19/03/2025,http://www.tunisie-annonce.com/DetailsAnnonceImmobilier.asp?cod_ann=3384090
Trois pièces à rades méliane,950,Rades Meliane,Location,01/04/2025,http://www.tunisie-annonce.com/DetailsAnnonceImmobilier.asp?cod_ann=3391663
Deux pièces meublés à megrine,650,Megrine Coteau,Location,01/04/2025,http://www.tunisie-annonce.com/DetailsAnnonceImmobilier.asp?cod_ann=3391416
3 locaux commercial bien,7 800,Korba Hached,Location,01/04/2025,http://www.tunisie-annonce.com/DetailsAnnonceImmobilier.asp?cod_ann=3368480
Appartement salon et deu,120 000,El Mourouj 2,Vente,01/04/2025,http://www.tunisie-annonce.com/DetailsAnnonceImmobilier.asp?cod_ann=3369046
Appartement,90 000,Sfax Port,Vente,01/04/2025,http://www.tunisie-annonce.com/DetailsAnnonceImmobilier.asp?cod_ann=3391872
